pagina,titulo,contenido
https://www.losmundialesdefutbol.com/mundiales/1934_mundial.php,Mundial de Fútbol 1934,"






Mundial de Fútbol 1934










Los Mundiales de Fútbol.comCampeones, estadísticas, selecciones y jugadores de cada Mundial.
 


Facebook

Instagram

X (Twitter)


×buscar 



Menú


 



Facebook

Instagram

X (Twitter)
 
×buscar 



Inicio

Estadísticas
Mundiales 
Mundial 2026Mundial 2022Mundial 2018Mundial 2014Mundial 2010Mundial 2006Mundial 2002Mundial 1998Mundial 1994Mundial 1990Mundial 1986Mundial 1982Mundial 1978Mundial 1974Mundial 1970Mundial 1966Mundial 1962Mundial 1958Mundial 1954Mundial 1950Mundial 1938Mundial 1934
Resultados
Fase Final
Planteles
Posiciones Finales
Goleadores
Premios

Mundial 1930 


Selecciones
Historial

Comparación


Jugadores




Inicio > Mundiales > 1934Mundial de Fútbol 1934
Información sobre la Copa del Mundo Italia 1934 con campeón, resultados de los partidos jugados, grupos, estadísticas, tabla de posiciones finales, goles anotados, goleadores y más data.


Mundial  1934 




Campeón:

Italia







- Organizador: Italia
- Selecciones: 16 
- Partidos: 17
- Goles: 70
- Promedio de Gol: 4.12
- Calendario y Resultados...
- Premios...





Posiciones Finales


Posición
Selección



1.  
 Italia 



2.
 Checoslovaquia 



3.
 Alemania 



4.
 Austria 



ver tabla completa...


Fase Final

llaves y resultados...




Goleadores



Jugador
Goles

	1.
 Oldrich Nejedly
5 

	2.
 Edmund Conen
4 


 Angelo Schiavio
4 


ver todos...




La Final


10-Jun-1934



 



Italia


2 - 1



Checoslovaquia



( 1 - 0 )
en tiempo extra

  76' 
Antonin Puc  

81'  
Raimundo Orsi  

95'  
Angelo Schiavio  
Historial




Selecciones Clasificadas para Italia 1934:  

Alemania Argentina Austria Bélgica Brasil Checoslovaquia Egipto España Estados Unidos Francia Hungría Italia Paises Bajos Rumania Suecia Suiza


Grupos y Planteles

Grupo
Planteles 1934

* En los Mundiales de 1934 y 1938 no hubo etapa de grupos



Compartir:


Facebook

X (Twitter)

Reddit

LinkedIn

WhatsApp


Síganos en:


Facebook

Instagram

X (Twitter)

Copyright 2026. losmundialesdefutbol.com - Todos los derechos reservados.
Política de Privacidad y Cookies.Links. Preguntas, sugerencias o errores? ¡Contáctenos!



"
https://www.losmundialesdefutbol.com/mundiales/1962_mundial.php,Mundial de Fútbol 1962,"






Mundial de Fútbol 1962










Los Mundiales de Fútbol.comCampeones, estadísticas, selecciones y jugadores de cada Mundial.
 


Facebook

Instagram

X (Twitter)


×buscar 



Menú


 



Facebook

Instagram

X (Twitter)
 
×buscar 



Inicio

Estadísticas
Mundiales 
Mundial 2026Mundial 2022Mundial 2018Mundial 2014Mundial 2010Mundial 2006Mundial 2002Mundial 1998Mundial 1994Mundial 1990Mundial 1986Mundial 1982Mundial 1978Mundial 1974Mundial 1970Mundial 1966Mundial 1962
Resultados
Grupo 1Grupo 2Grupo 3Grupo 4Fase Final
Planteles
Posiciones Finales
Goleadores
Premios

Mundial 1958Mundial 1954Mundial 1950Mundial 1938Mundial 1934Mundial 1930 


Selecciones
Historial

Comparación


Jugadores




Inicio > Mundiales > 1962Mundial de Fútbol 1962
Información sobre la Copa del Mundo Chile 1962 con campeón, resultados de los partidos jugados, grupos, estadísticas, tabla de posiciones finales, goles anotados, goleadores y más data.


Mundial  1962 




Campeón:

Brasil







- Organizador: Chile
- Selecciones: 16 
- Partidos: 32
- Goles: 89
- Promedio de Gol: 2.78
- Calendario y Resultados...
- Premios...





Posiciones Finales


Posición
Selección



1.  
 Brasil 



2.
 Checoslovaquia 



3.
 Chile 



4.
 Yugoslavia 



ver tabla completa...


Fase Final

llaves y resultados...




Goleadores



Jugador
Goles

	1.
 Florian Albert
4 


  Garrincha
4 


 Valentin Ivanov
4 


 Drazen Jerkovic
4 


 Leonel Sanchez
4 


  Vava
4 


ver todos...




La Final


17-Jun-1962



 



Brasil


3 - 1



Checoslovaquia


  15' 
Josef Masopust  

17'  
 Amarildo  

69'  
 Zito  

78'  
 Vava  
Historial




Selecciones Clasificadas para Chile 1962:  

Alemania Occidental Argentina Brasil Bulgaria Checoslovaquia Chile Colombia España Hungría Inglaterra Italia México Suiza URSS Uruguay Yugoslavia


Grupos y Planteles

Grupo
Planteles 1962


1
Resultados y Estadísticas
 Colombia  URSS  Uruguay  Yugoslavia 


2
Resultados y Estadísticas
 Alemania Occidental  Chile  Italia  Suiza 


3
Resultados y Estadísticas
 Brasil  Checoslovaquia  España  México 


4
Resultados y Estadísticas
 Argentina  Bulgaria  Hungría  Inglaterra 



Compartir:


Facebook

X (Twitter)

Reddit

LinkedIn

WhatsApp


Síganos en:


Facebook

Instagram

X (Twitter)

Copyright 2026. losmundialesdefutbol.com - Todos los derechos reservados.
Política de Privacidad y Cookies.Links. Preguntas, sugerencias o errores? ¡Contáctenos!



"
https://www.losmundialesdefutbol.com/mundiales/2022_mundial.php,Mundial de Fútbol 2022,"






Mundial de Fútbol 2022










Los Mundiales de Fútbol.comCampeones, estadísticas, selecciones y jugadores de cada Mundial.
 


Facebook

Instagram

X (Twitter)


×buscar 



Menú


 



Facebook

Instagram

X (Twitter)
 
×buscar 



Inicio

Estadísticas
Mundiales 
Mundial 2026Mundial 2022
Resultados
Grupo AGrupo BGrupo CGrupo DGrupo EGrupo FGrupo GGrupo HFase Final
Planteles
Posiciones Finales
Goleadores
Tarjetas
Premios

Mundial 2018Mundial 2014Mundial 2010Mundial 2006Mundial 2002Mundial 1998Mundial 1994Mundial 1990Mundial 1986Mundial 1982Mundial 1978Mundial 1974Mundial 1970Mundial 1966Mundial 1962Mundial 1958Mundial 1954Mundial 1950Mundial 1938Mundial 1934Mundial 1930 


Selecciones
Historial

Comparación


Jugadores




Inicio > Mundiales > 2022Mundial de Fútbol 2022
Información sobre la Copa del Mundo Catar 2022 con campeón, resultados de los partidos jugados, grupos, estadísticas, tabla de posiciones finales, goles anotados, goleadores y más data.


Mundial  2022 




Campeón:

Argentina







- Organizador: Catar
- Selecciones: 32 
- Partidos: 64
- Goles: 172
- Promedio de Gol: 2.69
- Calendario y Resultados...
- Premios...





Posiciones Finales


Posición
Selección



1.  
 Argentina 



2.
 Francia 



3.
 Croacia 



4.
 Marruecos 



ver tabla completa...


Fase Final

llaves y resultados...




Goleadores



Jugador
Goles

	1.
 Kylian Mbappé
8 

	2.
 Lionel Messi
7 

	3.
 Julian Alvarez
4 


 Olivier Giroud
4 


ver todos...




La Final


18-Dec-2022



 



Argentina


3 - 3



Francia



( 1 - 1 )
en tiempo extra


4 - 2
 por penales

23'  
Lionel Messi  (pen) 

36'  
Angel Di Maria  


  80' 
Kylian Mbappé   (pen) 


  81' 
Kylian Mbappé  

108'  
Lionel Messi  


  118' 
Kylian Mbappé   (pen) 
Historial




Selecciones Clasificadas para Catar 2022:  

Alemania Arabia Saudita Argentina Australia Bélgica Brasil Camerún Canadá Catar Corea del Sur Costa Rica Croacia Dinamarca Ecuador España Estados Unidos Francia Gales Ghana Inglaterra Irán Japón Marruecos México Paises Bajos Polonia Portugal Senegal Serbia Suiza Túnez Uruguay


Grupos y Planteles

Grupo
Planteles 2022


A
Resultados y Estadísticas
 Catar  Ecuador  Paises Bajos  Senegal 


B
Resultados y Estadísticas
 Estados Unidos  Gales  Inglaterra  Irán 


C
Resultados y Estadísticas
 Arabia Saudita  Argentina  México  Polonia 


D
Resultados y Estadísticas
 Australia  Dinamarca  Francia  Túnez 


E
Resultados y Estadísticas
 Alemania  Costa Rica  España  Japón 


F
Resultados y Estadísticas
 Bélgica  Canadá  Croacia  Marruecos 


G
Resultados y Estadísticas
 Brasil  Camerún  Serbia  Suiza 


H
Resultados y Estadísticas
 Corea del Sur  Ghana  Portugal  Uruguay 



Compartir:


Facebook

X (Twitter)

Reddit

LinkedIn

WhatsApp


Síganos en:


Facebook

Instagram

X (Twitter)

Copyright 2026. losmundialesdefutbol.com - Todos los derechos reservados.
Política de Privacidad y Cookies.Links. Preguntas, sugerencias o errores? ¡Contáctenos!



"
https://www.losmundialesdefutbol.com/mundiales/1994_mundial.php,Mundial de Fútbol 1994,"






Mundial de Fútbol 1994










Los Mundiales de Fútbol.comCampeones, estadísticas, selecciones y jugadores de cada Mundial.
 


Facebook

Instagram

X (Twitter)


×buscar 



Menú


 



Facebook

Instagram

X (Twitter)
 
×buscar 



Inicio

Estadísticas
Mundiales 
Mundial 2026Mundial 2022Mundial 2018Mundial 2014Mundial 2010Mundial 2006Mundial 2002Mundial 1998Mundial 1994
Resultados
Grupo AGrupo BGrupo CGrupo DGrupo EGrupo FFase Final
Planteles
Posiciones Finales
Goleadores
Tarjetas
Premios

Mundial 1990Mundial 1986Mundial 1982Mundial 1978Mundial 1974Mundial 1970Mundial 1966Mundial 1962Mundial 1958Mundial 1954Mundial 1950Mundial 1938Mundial 1934Mundial 1930 


Selecciones
Historial

Comparación


Jugadores




Inicio > Mundiales > 1994Mundial de Fútbol 1994
Información sobre la Copa del Mundo Estados Unidos 1994 con campeón, resultados de los partidos jugados, grupos, estadísticas, tabla de posiciones finales, goles anotados, goleadores y más data.


Mundial  1994 




Campeón:

Brasil







- Organizador: Estados Unidos
- Selecciones: 24 
- Partidos: 52
- Goles: 141
- Promedio de Gol: 2.71
- Calendario y Resultados...
- Premios...





Posiciones Finales


Posición
Selección



1.  
 Brasil 



2.
 Italia 



3.
 Suecia 



4.
 Bulgaria 



ver tabla completa...


Fase Final

llaves y resultados...




Goleadores



Jugador
Goles

	1.
 Oleg Salenko
6 


 Hristo Stoichkov
6 

	3.
 Kennet Andersson
5 


 Roberto Baggio
5 


 Juergen Klinsmann
5 


  Romario
5 


ver todos...




La Final


17-Jul-1994



 



Brasil


0 - 0



Italia



( 0 - 0 )
en tiempo extra


3 - 2
 por penales
Historial




Selecciones Clasificadas para Estados Unidos 1994:  

Alemania Arabia Saudita Argentina Bélgica Bolivia Brasil Bulgaria Camerún Colombia Corea del Sur España Estados Unidos Grecia Irlanda Italia Marruecos México Nigeria Noruega Paises Bajos Rumania Rusia Suecia Suiza


Grupos y Planteles

Grupo
Planteles 1994


A
Resultados y Estadísticas
 Colombia  Estados Unidos  Rumania  Suiza 


B
Resultados y Estadísticas
 Brasil  Camerún  Rusia  Suecia 


C
Resultados y Estadísticas
 Alemania  Bolivia  Corea del Sur  España 


D
Resultados y Estadísticas
 Argentina  Bulgaria  Grecia  Nigeria 


E
Resultados y Estadísticas
 Irlanda  Italia  México  Noruega 


F
Resultados y Estadísticas
 Arabia Saudita  Bélgica  Marruecos  Paises Bajos 



Compartir:


Facebook

X (Twitter)

Reddit

LinkedIn

WhatsApp


Síganos en:


Facebook

Instagram

X (Twitter)

Copyright 2026. losmundialesdefutbol.com - Todos los derechos reservados.
Política de Privacidad y Cookies.Links. Preguntas, sugerencias o errores? ¡Contáctenos!



"
https://www.losmundialesdefutbol.com/mundiales/1978_mundial.php,Mundial de Fútbol 1978,"






Mundial de Fútbol 1978










Los Mundiales de Fútbol.comCampeones, estadísticas, selecciones y jugadores de cada Mundial.
 


Facebook

Instagram

X (Twitter)


×buscar 



Menú


 



Facebook

Instagram

X (Twitter)
 
×buscar 



Inicio

Estadísticas
Mundiales 
Mundial 2026Mundial 2022Mundial 2018Mundial 2014Mundial 2010Mundial 2006Mundial 2002Mundial 1998Mundial 1994Mundial 1990Mundial 1986Mundial 1982Mundial 1978
Resultados
Grupo 1Grupo 2Grupo 3Grupo 4Grupo AGrupo BFase Final
Planteles
Posiciones Finales
Goleadores
Tarjetas
Premios

Mundial 1974Mundial 1970Mundial 1966Mundial 1962Mundial 1958Mundial 1954Mundial 1950Mundial 1938Mundial 1934Mundial 1930 


Selecciones
Historial

Comparación


Jugadores




Inicio > Mundiales > 1978Mundial de Fútbol 1978
Información sobre la Copa del Mundo Argentina 1978 con campeón, resultados de los partidos jugados, grupos, estadísticas, tabla de posiciones finales, goles anotados, goleadores y más data.


Mundial  1978 




Campeón:

Argentina







- Organizador: Argentina
- Selecciones: 16 
- Partidos: 38
- Goles: 102
- Promedio de Gol: 2.68
- Calendario y Resultados...
- Premios...





Posiciones Finales


Posición
Selección



1.  
 Argentina 



2.
 Paises Bajos 



3.
 Brasil 



4.
 Italia 



ver tabla completa...


Fase Final

llaves y resultados...




Goleadores



Jugador
Goles

	1.
 Mario Kempes
6 

	2.
 Teofilo Cubillas
5 


 Rob Rensenbrink
5 


ver todos...




La Final


25-Jun-1978



 



Argentina


3 - 1



Paises Bajos



( 2 - 0 )
en tiempo extra
38'  
Mario Kempes  


  82' 
Dick Nanninga  

105'  
Mario Kempes  

116'  
Daniel Bertoni  
Historial




Selecciones Clasificadas para Argentina 1978:  

Alemania Occidental Argentina Austria Brasil Escocia España Francia Hungría Irán Italia México Paises Bajos Perú Polonia Suecia Túnez


Grupos y Planteles

Grupo
Planteles 1978


1
Resultados y Estadísticas
 Argentina  Francia  Hungría  Italia 


2
Resultados y Estadísticas
 Alemania Occidental  México  Polonia  Túnez 


3
Resultados y Estadísticas
 Austria  Brasil  España  Suecia 


4
Resultados y Estadísticas
 Escocia  Irán  Paises Bajos  Perú 


A
Resultados y Estadísticas
 Alemania Occidental  Austria  Italia  Paises Bajos 


B
Resultados y Estadísticas
 Argentina  Brasil  Perú  Polonia 



Compartir:


Facebook

X (Twitter)

Reddit

LinkedIn

WhatsApp


Síganos en:


Facebook

Instagram

X (Twitter)

Copyright 2026. losmundialesdefutbol.com - Todos los derechos reservados.
Política de Privacidad y Cookies.Links. Preguntas, sugerencias o errores? ¡Contáctenos!



"
https://www.losmundialesdefutbol.com/mundiales/2014_mundial.php,Mundial de Fútbol 2014,"






Mundial de Fútbol 2014










Los Mundiales de Fútbol.comCampeones, estadísticas, selecciones y jugadores de cada Mundial.
 


Facebook

Instagram

X (Twitter)


×buscar 



Menú


 



Facebook

Instagram

X (Twitter)
 
×buscar 



Inicio

Estadísticas
Mundiales 
Mundial 2026Mundial 2022Mundial 2018Mundial 2014
Resultados
Grupo AGrupo BGrupo CGrupo DGrupo EGrupo FGrupo GGrupo HFase Final
Planteles
Posiciones Finales
Goleadores
Tarjetas
Premios

Mundial 2010Mundial 2006Mundial 2002Mundial 1998Mundial 1994Mundial 1990Mundial 1986Mundial 1982Mundial 1978Mundial 1974Mundial 1970Mundial 1966Mundial 1962Mundial 1958Mundial 1954Mundial 1950Mundial 1938Mundial 1934Mundial 1930 


Selecciones
Historial

Comparación


Jugadores




Inicio > Mundiales > 2014Mundial de Fútbol 2014
Información sobre la Copa del Mundo Brasil 2014 con campeón, resultados de los partidos jugados, grupos, estadísticas, tabla de posiciones finales, goles anotados, goleadores y más data.


Mundial  2014 




Campeón:

Alemania







- Organizador: Brasil
- Selecciones: 32 
- Partidos: 64
- Goles: 171
- Promedio de Gol: 2.67
- Calendario y Resultados...
- Premios...





Posiciones Finales


Posición
Selección



1.  
 Alemania 



2.
 Argentina 



3.
 Paises Bajos 



4.
 Brasil 



ver tabla completa...


Fase Final

llaves y resultados...




Goleadores



Jugador
Goles

	1.
 James Rodríguez
6 

	2.
 Thomas Müller
5 

	3.
 Lionel Messi
4 


  Neymar Jr.
4 


 Robin Van Persie
4 


ver todos...




La Final


13-Jul-2014



 



Alemania


1 - 0



Argentina



( 1 - 0 )
en tiempo extra
113'  
Mario Götze  
Historial




Selecciones Clasificadas para Brasil 2014:  

Alemania Argelia Argentina Australia Bélgica Bosnia-Herzegovina Brasil Camerún Chile Colombia Corea del Sur Costa de Marfil Costa Rica Croacia Ecuador España Estados Unidos Francia Ghana Grecia Honduras Inglaterra Irán Italia Japón México Nigeria Paises Bajos Portugal Rusia Suiza Uruguay


Grupos y Planteles

Grupo
Planteles 2014


A
Resultados y Estadísticas
 Brasil  Camerún  Croacia  México 


B
Resultados y Estadísticas
 Australia  Chile  España  Paises Bajos 


C
Resultados y Estadísticas
 Colombia  Costa de Marfil  Grecia  Japón 


D
Resultados y Estadísticas
 Costa Rica  Inglaterra  Italia  Uruguay 


E
Resultados y Estadísticas
 Ecuador  Francia  Honduras  Suiza 


F
Resultados y Estadísticas
 Argentina  Bosnia-Herzegovina  Irán  Nigeria 


G
Resultados y Estadísticas
 Alemania  Estados Unidos  Ghana  Portugal 


H
Resultados y Estadísticas
 Argelia  Bélgica  Corea del Sur  Rusia 



Compartir:


Facebook

X (Twitter)

Reddit

LinkedIn

WhatsApp


Síganos en:


Facebook

Instagram

X (Twitter)

Copyright 2026. losmundialesdefutbol.com - Todos los derechos reservados.
Política de Privacidad y Cookies.Links. Preguntas, sugerencias o errores? ¡Contáctenos!



"
https://www.losmundialesdefutbol.com/mundiales/1990_mundial.php,Mundial de Fútbol 1990,"






Mundial de Fútbol 1990










Los Mundiales de Fútbol.comCampeones, estadísticas, selecciones y jugadores de cada Mundial.
 


Facebook

Instagram

X (Twitter)


×buscar 



Menú


 



Facebook

Instagram

X (Twitter)
 
×buscar 



Inicio

Estadísticas
Mundiales 
Mundial 2026Mundial 2022Mundial 2018Mundial 2014Mundial 2010Mundial 2006Mundial 2002Mundial 1998Mundial 1994Mundial 1990
Resultados
Grupo AGrupo BGrupo CGrupo DGrupo EGrupo FFase Final
Planteles
Posiciones Finales
Goleadores
Tarjetas
Premios

Mundial 1986Mundial 1982Mundial 1978Mundial 1974Mundial 1970Mundial 1966Mundial 1962Mundial 1958Mundial 1954Mundial 1950Mundial 1938Mundial 1934Mundial 1930 


Selecciones
Historial

Comparación


Jugadores




Inicio > Mundiales > 1990Mundial de Fútbol 1990
Información sobre la Copa del Mundo Italia 1990 con campeón, resultados de los partidos jugados, grupos, estadísticas, tabla de posiciones finales, goles anotados, goleadores y más data.


Mundial  1990 




Campeón:

Alemania Occidental







- Organizador: Italia
- Selecciones: 24 
- Partidos: 52
- Goles: 115
- Promedio de Gol: 2.21
- Calendario y Resultados...
- Premios...





Posiciones Finales


Posición
Selección



1.  
 Alemania Occidental 



2.
 Argentina 



3.
 Italia 



4.
 Inglaterra 



ver tabla completa...


Fase Final

llaves y resultados...




Goleadores



Jugador
Goles

	1.
 Salvatore Schillaci
6 

	2.
 Tomas Skuhravy
5 

	3.
 Gary Lineker
4 


 Lothar Matthaeus
4 


  Michel
4 


 Roger Milla
4 


ver todos...




La Final


08-Jul-1990



 



Argentina


0 - 1



Alemania Occidental


  85' 
Andreas Brehme   (pen) 
Historial




Selecciones Clasificadas para Italia 1990:  

Alemania Occidental Argentina Austria Bélgica Brasil Camerún Checoslovaquia Colombia Corea del Sur Costa Rica Egipto Emiratos Arabes Escocia España Estados Unidos Inglaterra Irlanda Italia Paises Bajos Rumania Suecia URSS Uruguay Yugoslavia


Grupos y Planteles

Grupo
Planteles 1990


A
Resultados y Estadísticas
 Austria  Checoslovaquia  Estados Unidos  Italia 


B
Resultados y Estadísticas
 Argentina  Camerún  Rumania  URSS 


C
Resultados y Estadísticas
 Brasil  Costa Rica  Escocia  Suecia 


D
Resultados y Estadísticas
 Alemania Occidental  Colombia  Emiratos Arabes  Yugoslavia 


E
Resultados y Estadísticas
 Bélgica  Corea del Sur  España  Uruguay 


F
Resultados y Estadísticas
 Egipto  Inglaterra  Irlanda  Paises Bajos 



Compartir:


Facebook

X (Twitter)

Reddit

LinkedIn

WhatsApp


Síganos en:


Facebook

Instagram

X (Twitter)

Copyright 2026. losmundialesdefutbol.com - Todos los derechos reservados.
Política de Privacidad y Cookies.Links. Preguntas, sugerencias o errores? ¡Contáctenos!



"
https://www.losmundialesdefutbol.com/mundiales/1986_mundial.php,Mundial de Fútbol 1986,"






Mundial de Fútbol 1986










Los Mundiales de Fútbol.comCampeones, estadísticas, selecciones y jugadores de cada Mundial.
 


Facebook

Instagram

X (Twitter)


×buscar 



Menú


 



Facebook

Instagram

X (Twitter)
 
×buscar 



Inicio

Estadísticas
Mundiales 
Mundial 2026Mundial 2022Mundial 2018Mundial 2014Mundial 2010Mundial 2006Mundial 2002Mundial 1998Mundial 1994Mundial 1990Mundial 1986
Resultados
Grupo AGrupo BGrupo CGrupo DGrupo EGrupo FFase Final
Planteles
Posiciones Finales
Goleadores
Tarjetas
Premios

Mundial 1982Mundial 1978Mundial 1974Mundial 1970Mundial 1966Mundial 1962Mundial 1958Mundial 1954Mundial 1950Mundial 1938Mundial 1934Mundial 1930 


Selecciones
Historial

Comparación


Jugadores




Inicio > Mundiales > 1986Mundial de Fútbol 1986
Información sobre la Copa del Mundo México 1986 con campeón, resultados de los partidos jugados, grupos, estadísticas, tabla de posiciones finales, goles anotados, goleadores y más data.


Mundial  1986 




Campeón:

Argentina







- Organizador: México
- Selecciones: 24 
- Partidos: 52
- Goles: 132
- Promedio de Gol: 2.54
- Calendario y Resultados...
- Premios...





Posiciones Finales


Posición
Selección



1.  
 Argentina 



2.
 Alemania Occidental 



3.
 Francia 



4.
 Bélgica 



ver tabla completa...


Fase Final

llaves y resultados...




Goleadores



Jugador
Goles

	1.
 Gary Lineker
6 

	2.
 Emilio Butragueño
5 


  Careca
5 


 Diego Maradona
5 


ver todos...




La Final


29-Jun-1986



 



Argentina


3 - 2



Alemania Occidental

23'  
Jose Brown  

55'  
Jorge Valdano  


  74' 
Karl-Heinz Rummenigge  


  80' 
Rudi Voeller  

83'  
Jorge Burruchaga  
Historial




Selecciones Clasificadas para México 1986:  

Alemania Occidental Argelia Argentina Bélgica Brasil Bulgaria Canadá Corea del Sur Dinamarca Escocia España Francia Hungría Inglaterra Iraq Irlanda del Norte Italia Marruecos México Paraguay Polonia Portugal URSS Uruguay


Grupos y Planteles

Grupo
Planteles 1986


A
Resultados y Estadísticas
 Argentina  Bulgaria  Corea del Sur  Italia 


B
Resultados y Estadísticas
 Bélgica  Iraq  México  Paraguay 


C
Resultados y Estadísticas
 Canadá  Francia  Hungría  URSS 


D
Resultados y Estadísticas
 Argelia  Brasil  España  Irlanda del Norte 


E
Resultados y Estadísticas
 Alemania Occidental  Dinamarca  Escocia  Uruguay 


F
Resultados y Estadísticas
 Inglaterra  Marruecos  Polonia  Portugal 



Compartir:


Facebook

X (Twitter)

Reddit

LinkedIn

WhatsApp


Síganos en:


Facebook

Instagram

X (Twitter)

Copyright 2026. losmundialesdefutbol.com - Todos los derechos reservados.
Política de Privacidad y Cookies.Links. Preguntas, sugerencias o errores? ¡Contáctenos!



"
https://www.losmundialesdefutbol.com/mundiales/2002_mundial.php,Mundial de Fútbol 2002,"






Mundial de Fútbol 2002










Los Mundiales de Fútbol.comCampeones, estadísticas, selecciones y jugadores de cada Mundial.
 


Facebook

Instagram

X (Twitter)


×buscar 



Menú


 



Facebook

Instagram

X (Twitter)
 
×buscar 



Inicio

Estadísticas
Mundiales 
Mundial 2026Mundial 2022Mundial 2018Mundial 2014Mundial 2010Mundial 2006Mundial 2002
Resultados
Grupo AGrupo BGrupo CGrupo DGrupo EGrupo FGrupo GGrupo HFase Final
Planteles
Posiciones Finales
Goleadores
Tarjetas
Premios

Mundial 1998Mundial 1994Mundial 1990Mundial 1986Mundial 1982Mundial 1978Mundial 1974Mundial 1970Mundial 1966Mundial 1962Mundial 1958Mundial 1954Mundial 1950Mundial 1938Mundial 1934Mundial 1930 


Selecciones
Historial

Comparación


Jugadores




Inicio > Mundiales > 2002Mundial de Fútbol 2002
Información sobre la Copa del Mundo Corea / Japón 2002 con campeón, resultados de los partidos jugados, grupos, estadísticas, tabla de posiciones finales, goles anotados, goleadores y más data.


Mundial  2002 




Campeón:

Brasil







- Organizador: Corea / Japón
- Selecciones: 32 
- Partidos: 64
- Goles: 161
- Promedio de Gol: 2.52
- Calendario y Resultados...
- Premios...





Posiciones Finales


Posición
Selección



1.  
 Brasil 



2.
 Alemania 



3.
 Turquía 



4.
 Corea del Sur 



ver tabla completa...


Fase Final

llaves y resultados...




Goleadores



Jugador
Goles

	1.
  Ronaldo
8 

	2.
 Miroslav Klose
5 


  Rivaldo
5 


ver todos...




La Final


30-Jun-2002



 



Alemania


0 - 2



Brasil


  67' 
 Ronaldo  


  79' 
 Ronaldo  
Historial




Selecciones Clasificadas para Corea / Japón 2002:  

Alemania Arabia Saudita Argentina Bélgica Brasil Camerún China Corea del Sur Costa Rica Croacia Dinamarca Ecuador Eslovenia España Estados Unidos Francia Inglaterra Irlanda Italia Japón México Nigeria Paraguay Polonia Portugal Rusia Senegal Sudáfrica Suecia Túnez Turquía Uruguay


Grupos y Planteles

Grupo
Planteles 2002


A
Resultados y Estadísticas
 Dinamarca  Francia  Senegal  Uruguay 


B
Resultados y Estadísticas
 Eslovenia  España  Paraguay  Sudáfrica 


C
Resultados y Estadísticas
 Brasil  China  Costa Rica  Turquía 


D
Resultados y Estadísticas
 Corea del Sur  Estados Unidos  Polonia  Portugal 


E
Resultados y Estadísticas
 Alemania  Arabia Saudita  Camerún  Irlanda 


F
Resultados y Estadísticas
 Argentina  Inglaterra  Nigeria  Suecia 


G
Resultados y Estadísticas
 Croacia  Ecuador  Italia  México 


H
Resultados y Estadísticas
 Bélgica  Japón  Rusia  Túnez 



Compartir:


Facebook

X (Twitter)

Reddit

LinkedIn

WhatsApp


Síganos en:


Facebook

Instagram

X (Twitter)

Copyright 2026. losmundialesdefutbol.com - Todos los derechos reservados.
Política de Privacidad y Cookies.Links. Preguntas, sugerencias o errores? ¡Contáctenos!



"
https://www.losmundialesdefutbol.com/mundiales/2018_mundial.php,Mundial de Fútbol 2018,"






Mundial de Fútbol 2018










Los Mundiales de Fútbol.comCampeones, estadísticas, selecciones y jugadores de cada Mundial.
 


Facebook

Instagram

X (Twitter)


×buscar 



Menú


 



Facebook

Instagram

X (Twitter)
 
×buscar 



Inicio

Estadísticas
Mundiales 
Mundial 2026Mundial 2022Mundial 2018
Resultados
Grupo AGrupo BGrupo CGrupo DGrupo EGrupo FGrupo GGrupo HFase Final
Planteles
Posiciones Finales
Goleadores
Tarjetas
Premios

Mundial 2014Mundial 2010Mundial 2006Mundial 2002Mundial 1998Mundial 1994Mundial 1990Mundial 1986Mundial 1982Mundial 1978Mundial 1974Mundial 1970Mundial 1966Mundial 1962Mundial 1958Mundial 1954Mundial 1950Mundial 1938Mundial 1934Mundial 1930 


Selecciones
Historial

Comparación


Jugadores




Inicio > Mundiales > 2018Mundial de Fútbol 2018
Información sobre la Copa del Mundo Rusia 2018 con campeón, resultados de los partidos jugados, grupos, estadísticas, tabla de posiciones finales, goles anotados, goleadores y más data.


Mundial  2018 




Campeón:

Francia







- Organizador: Rusia
- Selecciones: 32 
- Partidos: 64
- Goles: 169
- Promedio de Gol: 2.64
- Calendario y Resultados...
- Premios...





Posiciones Finales


Posición
Selección



1.  
 Francia 



2.
 Croacia 



3.
 Bélgica 



4.
 Inglaterra 



ver tabla completa...


Fase Final

llaves y resultados...




Goleadores



Jugador
Goles

	1.
 Harry Kane
6 

	2.
 Denis Cheryshev
4 


 Antoine Griezmann
4 


 Romelu Lukaku
4 


 Kylian Mbappé
4 


 Cristiano Ronaldo
4 


ver todos...




La Final


15-Jul-2018



 



Francia


4 - 2



Croacia

18'  
Mario Mandzukic   (en contra)


  28' 
Ivan Perisic  

38'  
Antoine Griezmann  (pen) 

59'  
Paul Pogba  

65'  
Kylian Mbappé  


  69' 
Mario Mandzukic  
Historial




Selecciones Clasificadas para Rusia 2018:  

Alemania Arabia Saudita Argentina Australia Bélgica Brasil Colombia Corea del Sur Costa Rica Croacia Dinamarca Egipto España Francia Inglaterra Irán Islandia Japón Marruecos México Nigeria Panamá Perú Polonia Portugal Rusia Senegal Serbia Suecia Suiza Túnez Uruguay


Grupos y Planteles

Grupo
Planteles 2018


A
Resultados y Estadísticas
 Arabia Saudita  Egipto  Rusia  Uruguay 


B
Resultados y Estadísticas
 España  Irán  Marruecos  Portugal 


C
Resultados y Estadísticas
 Australia  Dinamarca  Francia  Perú 


D
Resultados y Estadísticas
 Argentina  Croacia  Islandia  Nigeria 


E
Resultados y Estadísticas
 Brasil  Costa Rica  Serbia  Suiza 


F
Resultados y Estadísticas
 Alemania  Corea del Sur  México  Suecia 


G
Resultados y Estadísticas
 Bélgica  Inglaterra  Panamá  Túnez 


H
Resultados y Estadísticas
 Colombia  Japón  Polonia  Senegal 



Compartir:


Facebook

X (Twitter)

Reddit

LinkedIn

WhatsApp


Síganos en:


Facebook

Instagram

X (Twitter)

Copyright 2026. losmundialesdefutbol.com - Todos los derechos reservados.
Política de Privacidad y Cookies.Links. Preguntas, sugerencias o errores? ¡Contáctenos!



"
https://www.losmundialesdefutbol.com/mundiales/1974_mundial.php,Mundial de Fútbol 1974,"






Mundial de Fútbol 1974










Los Mundiales de Fútbol.comCampeones, estadísticas, selecciones y jugadores de cada Mundial.
 


Facebook

Instagram

X (Twitter)


×buscar 



Menú


 



Facebook

Instagram

X (Twitter)
 
×buscar 



Inicio

Estadísticas
Mundiales 
Mundial 2026Mundial 2022Mundial 2018Mundial 2014Mundial 2010Mundial 2006Mundial 2002Mundial 1998Mundial 1994Mundial 1990Mundial 1986Mundial 1982Mundial 1978Mundial 1974
Resultados
Grupo 1Grupo 2Grupo 3Grupo 4Grupo AGrupo BFase Final
Planteles
Posiciones Finales
Goleadores
Tarjetas
Premios

Mundial 1970Mundial 1966Mundial 1962Mundial 1958Mundial 1954Mundial 1950Mundial 1938Mundial 1934Mundial 1930 


Selecciones
Historial

Comparación


Jugadores




Inicio > Mundiales > 1974Mundial de Fútbol 1974
Información sobre la Copa del Mundo Alemania Occidental 1974 con campeón, resultados de los partidos jugados, grupos, estadísticas, tabla de posiciones finales, goles anotados, goleadores y más data.


Mundial  1974 




Campeón:

Alemania Occidental







- Organizador: Alemania Occidental
- Selecciones: 16 
- Partidos: 38
- Goles: 97
- Promedio de Gol: 2.55
- Calendario y Resultados...
- Premios...





Posiciones Finales


Posición
Selección



1.  
 Alemania Occidental 



2.
 Paises Bajos 



3.
 Polonia 



4.
 Brasil 



ver tabla completa...


Fase Final

llaves y resultados...




Goleadores



Jugador
Goles

	1.
 Grzegorz Lato
7 

	2.
 Johan Neeskens
5 


 Andrzej Szarmach
5 


ver todos...




La Final


07-Jul-1974



 



Paises Bajos


1 - 2



Alemania Occidental

2'  
Johan Neeskens  (pen) 


  25' 
Paul Breitner   (pen) 


  43' 
Gerd Mueller  
Historial




Selecciones Clasificadas para Alemania Occidental 1974:  

Alemania Occidental Alemania Oriental Argentina Australia Brasil Bulgaria Chile Escocia Haití Italia Paises Bajos Polonia Suecia Uruguay Yugoslavia Zaire


Grupos y Planteles

Grupo
Planteles 1974


1
Resultados y Estadísticas
 Alemania Occidental  Alemania Oriental  Australia  Chile 


2
Resultados y Estadísticas
 Brasil  Escocia  Yugoslavia  Zaire 


3
Resultados y Estadísticas
 Bulgaria  Paises Bajos  Suecia  Uruguay 


4
Resultados y Estadísticas
 Argentina  Haití  Italia  Polonia 


A
Resultados y Estadísticas
 Alemania Oriental  Argentina  Brasil  Paises Bajos 


B
Resultados y Estadísticas
 Alemania Occidental  Polonia  Suecia  Yugoslavia 



Compartir:


Facebook

X (Twitter)

Reddit

LinkedIn

WhatsApp


Síganos en:


Facebook

Instagram

X (Twitter)

Copyright 2026. losmundialesdefutbol.com - Todos los derechos reservados.
Política de Privacidad y Cookies.Links. Preguntas, sugerencias o errores? ¡Contáctenos!



"
https://www.losmundialesdefutbol.com/mundiales/1982_mundial.php,Mundial de Fútbol 1982,"






Mundial de Fútbol 1982










Los Mundiales de Fútbol.comCampeones, estadísticas, selecciones y jugadores de cada Mundial.
 


Facebook

Instagram

X (Twitter)


×buscar 



Menú


 



Facebook

Instagram

X (Twitter)
 
×buscar 



Inicio

Estadísticas
Mundiales 
Mundial 2026Mundial 2022Mundial 2018Mundial 2014Mundial 2010Mundial 2006Mundial 2002Mundial 1998Mundial 1994Mundial 1990Mundial 1986Mundial 1982
Resultados
Grupo AGrupo BGrupo CGrupo DGrupo EGrupo FGrupo 1Grupo 2Grupo 3Grupo 4Fase Final
Planteles
Posiciones Finales
Goleadores
Tarjetas
Premios

Mundial 1978Mundial 1974Mundial 1970Mundial 1966Mundial 1962Mundial 1958Mundial 1954Mundial 1950Mundial 1938Mundial 1934Mundial 1930 


Selecciones
Historial

Comparación


Jugadores




Inicio > Mundiales > 1982Mundial de Fútbol 1982
Información sobre la Copa del Mundo España 1982 con campeón, resultados de los partidos jugados, grupos, estadísticas, tabla de posiciones finales, goles anotados, goleadores y más data.


Mundial  1982 




Campeón:

Italia







- Organizador: España
- Selecciones: 24 
- Partidos: 52
- Goles: 146
- Promedio de Gol: 2.81
- Calendario y Resultados...
- Premios...





Posiciones Finales


Posición
Selección



1.  
 Italia 



2.
 Alemania Occidental 



3.
 Polonia 



4.
 Francia 



ver tabla completa...


Fase Final

llaves y resultados...




Goleadores



Jugador
Goles

	1.
 Paolo Rossi
6 

	2.
 Karl-Heinz Rummenigge
5 

	3.
 Zbigniew Boniek
4 


  Zico
4 


ver todos...




La Final


11-Jul-1982



 



Italia


3 - 1



Alemania Occidental

57'  
Paolo Rossi  

69'  
Marco Tardelli  

81'  
Alessandro Altobelli  


  83' 
Paul Breitner  
Historial




Selecciones Clasificadas para España 1982:  

Alemania Occidental Argelia Argentina Austria Bélgica Brasil Camerún Checoslovaquia Chile El Salvador Escocia España Francia Honduras Hungría Inglaterra Irlanda del Norte Italia Kuwait Nueva Zelanda Perú Polonia URSS Yugoslavia


Grupos y Planteles

Grupo
Planteles 1982


A
Resultados y Estadísticas
 Camerún  Italia  Perú  Polonia 


B
Resultados y Estadísticas
 Alemania Occidental  Argelia  Austria  Chile 


C
Resultados y Estadísticas
 Argentina  Bélgica  El Salvador  Hungría 


D
Resultados y Estadísticas
 Checoslovaquia  Francia  Inglaterra  Kuwait 


E
Resultados y Estadísticas
 España  Honduras  Irlanda del Norte  Yugoslavia 


F
Resultados y Estadísticas
 Brasil  Escocia  Nueva Zelanda  URSS 


1
Resultados y Estadísticas
 Bélgica  Polonia  URSS 


2
Resultados y Estadísticas
 Alemania Occidental  España  Inglaterra 


3
Resultados y Estadísticas
 Argentina  Brasil  Italia 


4
Resultados y Estadísticas
 Austria  Francia  Irlanda del Norte 



Compartir:


Facebook

X (Twitter)

Reddit

LinkedIn

WhatsApp


Síganos en:


Facebook

Instagram

X (Twitter)

Copyright 2026. losmundialesdefutbol.com - Todos los derechos reservados.
Política de Privacidad y Cookies.Links. Preguntas, sugerencias o errores? ¡Contáctenos!



"
https://www.losmundialesdefutbol.com/mundiales/1958_mundial.php,Mundial de Fútbol 1958,"






Mundial de Fútbol 1958










Los Mundiales de Fútbol.comCampeones, estadísticas, selecciones y jugadores de cada Mundial.
 


Facebook

Instagram

X (Twitter)


×buscar 



Menú


 



Facebook

Instagram

X (Twitter)
 
×buscar 



Inicio

Estadísticas
Mundiales 
Mundial 2026Mundial 2022Mundial 2018Mundial 2014Mundial 2010Mundial 2006Mundial 2002Mundial 1998Mundial 1994Mundial 1990Mundial 1986Mundial 1982Mundial 1978Mundial 1974Mundial 1970Mundial 1966Mundial 1962Mundial 1958
Resultados
Grupo 1Grupo 2Grupo 3Grupo 4Fase Final
Planteles
Posiciones Finales
Goleadores
Premios

Mundial 1954Mundial 1950Mundial 1938Mundial 1934Mundial 1930 


Selecciones
Historial

Comparación


Jugadores




Inicio > Mundiales > 1958Mundial de Fútbol 1958
Información sobre la Copa del Mundo Suecia 1958 con campeón, resultados de los partidos jugados, grupos, estadísticas, tabla de posiciones finales, goles anotados, goleadores y más data.


Mundial  1958 




Campeón:

Brasil







- Organizador: Suecia
- Selecciones: 16 
- Partidos: 35
- Goles: 126
- Promedio de Gol: 3.60
- Calendario y Resultados...
- Premios...





Posiciones Finales


Posición
Selección



1.  
 Brasil 



2.
 Suecia 



3.
 Francia 



4.
 Alemania Occidental 



ver tabla completa...


Fase Final

llaves y resultados...




Goleadores



Jugador
Goles

	1.
 Just Fontaine
13 

	2.
  Pelé
6 


 Helmut Rahn
6 


ver todos...




La Final


29-Jun-1958



 



Suecia


2 - 5



Brasil

4'  
Nils Liedholm  


  9' 
 Vava  


  32' 
 Vava  


  55' 
 Pelé  


  68' 
 Zagallo  

80'  
Agne Simonsson  


  90' 
 Pelé  
Historial




Selecciones Clasificadas para Suecia 1958:  

Alemania Occidental Argentina Austria Brasil Checoslovaquia Escocia Francia Gales Hungría Inglaterra Irlanda del Norte México Paraguay Suecia URSS Yugoslavia


Grupos y Planteles

Grupo
Planteles 1958


1
Resultados y Estadísticas
 Alemania Occidental  Argentina  Checoslovaquia  Irlanda del Norte 


2
Resultados y Estadísticas
 Escocia  Francia  Paraguay  Yugoslavia 


3
Resultados y Estadísticas
 Gales  Hungría  México  Suecia 


4
Resultados y Estadísticas
 Austria  Brasil  Inglaterra  URSS 



Compartir:


Facebook

X (Twitter)

Reddit

LinkedIn

WhatsApp


Síganos en:


Facebook

Instagram

X (Twitter)

Copyright 2026. losmundialesdefutbol.com - Todos los derechos reservados.
Política de Privacidad y Cookies.Links. Preguntas, sugerencias o errores? ¡Contáctenos!



"
https://www.losmundialesdefutbol.com/mundiales/1950_mundial.php,Mundial de Fútbol 1950,"






Mundial de Fútbol 1950










Los Mundiales de Fútbol.comCampeones, estadísticas, selecciones y jugadores de cada Mundial.
 


Facebook

Instagram

X (Twitter)


×buscar 



Menú


 



Facebook

Instagram

X (Twitter)
 
×buscar 



Inicio

Estadísticas
Mundiales 
Mundial 2026Mundial 2022Mundial 2018Mundial 2014Mundial 2010Mundial 2006Mundial 2002Mundial 1998Mundial 1994Mundial 1990Mundial 1986Mundial 1982Mundial 1978Mundial 1974Mundial 1970Mundial 1966Mundial 1962Mundial 1958Mundial 1954Mundial 1950
Resultados
Grupo 1Grupo 2Grupo 3Grupo 4Grupo FPlanteles
Posiciones Finales
Goleadores
Premios

Mundial 1938Mundial 1934Mundial 1930 


Selecciones
Historial

Comparación


Jugadores




Inicio > Mundiales > 1950Mundial de Fútbol 1950
Información sobre la Copa del Mundo Brasil 1950 con campeón, resultados de los partidos jugados, grupos, estadísticas, tabla de posiciones finales, goles anotados, goleadores y más data.


Mundial  1950 




Campeón:

Uruguay







- Organizador: Brasil
- Selecciones: 13 
- Partidos: 22
- Goles: 88
- Promedio de Gol: 4.00
- Calendario y Resultados...
- Premios...





Posiciones Finales


Posición
Selección



1.  
 Uruguay 



2.
 Brasil 



3.
 Suecia 



4.
 España 



ver tabla completa...


Fase Final

	 El Mundial de 1950 se definió con un 
Grupo Final



Goleadores



Jugador
Goles

	1.
  Ademir
9 

	2.
 Oscar Miguez
5 

	3.
 Estanislao Basora
4 


  Chico
4 


 Alcides Ghiggia
4 


  Zarra
4 


ver todos...






Selecciones Clasificadas para Brasil 1950:  

Bolivia Brasil Chile España Estados Unidos Inglaterra Italia México Paraguay Suecia Suiza Uruguay Yugoslavia


Grupos y Planteles

Grupo
Planteles 1950


1
Resultados y Estadísticas
 Brasil  México  Suiza  Yugoslavia 


2
Resultados y Estadísticas
 Chile  España  Estados Unidos  Inglaterra 


3
Resultados y Estadísticas
 Italia  Paraguay  Suecia 


4
Resultados y Estadísticas
 Bolivia  Uruguay 


F
Resultados y Estadísticas
 Brasil  España  Suecia  Uruguay 



Compartir:


Facebook

X (Twitter)

Reddit

LinkedIn

WhatsApp


Síganos en:


Facebook

Instagram

X (Twitter)

Copyright 2026. losmundialesdefutbol.com - Todos los derechos reservados.
Política de Privacidad y Cookies.Links. Preguntas, sugerencias o errores? ¡Contáctenos!



"
https://www.losmundialesdefutbol.com/mundiales/1970_mundial.php,Mundial de Fútbol 1970,"






Mundial de Fútbol 1970










Los Mundiales de Fútbol.comCampeones, estadísticas, selecciones y jugadores de cada Mundial.
 


Facebook

Instagram

X (Twitter)


×buscar 



Menú


 



Facebook

Instagram

X (Twitter)
 
×buscar 



Inicio

Estadísticas
Mundiales 
Mundial 2026Mundial 2022Mundial 2018Mundial 2014Mundial 2010Mundial 2006Mundial 2002Mundial 1998Mundial 1994Mundial 1990Mundial 1986Mundial 1982Mundial 1978Mundial 1974Mundial 1970
Resultados
Grupo 1Grupo 2Grupo 3Grupo 4Fase Final
Planteles
Posiciones Finales
Goleadores
Tarjetas
Premios

Mundial 1966Mundial 1962Mundial 1958Mundial 1954Mundial 1950Mundial 1938Mundial 1934Mundial 1930 


Selecciones
Historial

Comparación


Jugadores




Inicio > Mundiales > 1970Mundial de Fútbol 1970
Información sobre la Copa del Mundo México 1970 con campeón, resultados de los partidos jugados, grupos, estadísticas, tabla de posiciones finales, goles anotados, goleadores y más data.


Mundial  1970 




Campeón:

Brasil







- Organizador: México
- Selecciones: 16 
- Partidos: 32
- Goles: 95
- Promedio de Gol: 2.97
- Calendario y Resultados...
- Premios...





Posiciones Finales


Posición
Selección



1.  
 Brasil 



2.
 Italia 



3.
 Alemania Occidental 



4.
 Uruguay 



ver tabla completa...


Fase Final

llaves y resultados...




Goleadores



Jugador
Goles

	1.
 Gerd Mueller
10 

	2.
  Jairzinho
7 

	3.
 Teofilo Cubillas
5 


ver todos...




La Final


21-Jun-1970



 



Brasil


4 - 1



Italia

18'  
 Pelé  


  37' 
Roberto Boninsegna  

66'  
 Gerson  

71'  
 Jairzinho  

86'  
 Carlos Alberto  
Historial




Selecciones Clasificadas para México 1970:  

Alemania Occidental Bélgica Brasil Bulgaria Checoslovaquia El Salvador Inglaterra Israel Italia Marruecos México Perú Rumania Suecia URSS Uruguay


Grupos y Planteles

Grupo
Planteles 1970


1
Resultados y Estadísticas
 Bélgica  El Salvador  México  URSS 


2
Resultados y Estadísticas
 Israel  Italia  Suecia  Uruguay 


3
Resultados y Estadísticas
 Brasil  Checoslovaquia  Inglaterra  Rumania 


4
Resultados y Estadísticas
 Alemania Occidental  Bulgaria  Marruecos  Perú 



Compartir:


Facebook

X (Twitter)

Reddit

LinkedIn

WhatsApp


Síganos en:


Facebook

Instagram

X (Twitter)

Copyright 2026. losmundialesdefutbol.com - Todos los derechos reservados.
Política de Privacidad y Cookies.Links. Preguntas, sugerencias o errores? ¡Contáctenos!



"
https://www.losmundialesdefutbol.com/mundiales/1938_mundial.php,Mundial de Fútbol 1938,"






Mundial de Fútbol 1938










Los Mundiales de Fútbol.comCampeones, estadísticas, selecciones y jugadores de cada Mundial.
 


Facebook

Instagram

X (Twitter)


×buscar 



Menú


 



Facebook

Instagram

X (Twitter)
 
×buscar 



Inicio

Estadísticas
Mundiales 
Mundial 2026Mundial 2022Mundial 2018Mundial 2014Mundial 2010Mundial 2006Mundial 2002Mundial 1998Mundial 1994Mundial 1990Mundial 1986Mundial 1982Mundial 1978Mundial 1974Mundial 1970Mundial 1966Mundial 1962Mundial 1958Mundial 1954Mundial 1950Mundial 1938
Resultados
Fase Final
Planteles
Posiciones Finales
Goleadores
Premios

Mundial 1934Mundial 1930 


Selecciones
Historial

Comparación


Jugadores




Inicio > Mundiales > 1938Mundial de Fútbol 1938
Información sobre la Copa del Mundo Francia 1938 con campeón, resultados de los partidos jugados, grupos, estadísticas, tabla de posiciones finales, goles anotados, goleadores y más data.


Mundial  1938 




Campeón:

Italia







- Organizador: Francia
- Selecciones: 16 
- Partidos: 18
- Goles: 84
- Promedio de Gol: 4.67
- Calendario y Resultados...
- Premios...





Posiciones Finales


Posición
Selección



1.  
 Italia 



2.
 Hungría 



3.
 Brasil 



4.
 Suecia 



ver tabla completa...


Fase Final

llaves y resultados...




Goleadores



Jugador
Goles

	1.
  Leonidas
7 

	2.
 Silvio Piola
5 


 Gyorgy Sarosi
5 


 Gyula Zsengeller
5 


ver todos...




La Final


19-Jun-1938



 



Italia


4 - 2



Hungría

6'  
Gino Colaussi  


  8' 
Pal Titkos  

16'  
Silvio Piola  

35'  
Gino Colaussi  


  70' 
Gyorgy Sarosi  

82'  
Silvio Piola  
Historial




Selecciones Clasificadas para Francia 1938:  

Alemania Austria Bélgica Brasil Checoslovaquia Cuba Francia Hungría Indias Orientales Holand. Italia Noruega Paises Bajos Polonia Rumania Suecia Suiza


Grupos y Planteles

Grupo
Planteles 1938

* En los Mundiales de 1934 y 1938 no hubo etapa de grupos



Compartir:


Facebook

X (Twitter)

Reddit

LinkedIn

WhatsApp


Síganos en:


Facebook

Instagram

X (Twitter)

Copyright 2026. losmundialesdefutbol.com - Todos los derechos reservados.
Política de Privacidad y Cookies.Links. Preguntas, sugerencias o errores? ¡Contáctenos!



"
https://www.losmundialesdefutbol.com/mundiales/1930_mundial.php,Mundial de Fútbol 1930,"






Mundial de Fútbol 1930










Los Mundiales de Fútbol.comCampeones, estadísticas, selecciones y jugadores de cada Mundial.
 


Facebook

Instagram

X (Twitter)


×buscar 



Menú


 



Facebook

Instagram

X (Twitter)
 
×buscar 



Inicio

Estadísticas
Mundiales 
Mundial 2026Mundial 2022Mundial 2018Mundial 2014Mundial 2010Mundial 2006Mundial 2002Mundial 1998Mundial 1994Mundial 1990Mundial 1986Mundial 1982Mundial 1978Mundial 1974Mundial 1970Mundial 1966Mundial 1962Mundial 1958Mundial 1954Mundial 1950Mundial 1938Mundial 1934Mundial 1930
Resultados
Grupo 1Grupo 2Grupo 3Grupo 4Fase Final
Planteles
Posiciones Finales
Goleadores
Premios




Selecciones
Historial

Comparación


Jugadores




Inicio > Mundiales > 1930Mundial de Fútbol 1930
Información sobre la Copa del Mundo Uruguay 1930 con campeón, resultados de los partidos jugados, grupos, estadísticas, tabla de posiciones finales, goles anotados, goleadores y más data.


Mundial  1930 




Campeón:

Uruguay







- Organizador: Uruguay
- Selecciones: 13 
- Partidos: 18
- Goles: 70
- Promedio de Gol: 3.89
- Calendario y Resultados...
- Premios...





Posiciones Finales


Posición
Selección



1.  
 Uruguay 



2.
 Argentina 



3.
 Estados Unidos 



4.
 Yugoslavia 



ver tabla completa...


Fase Final

llaves y resultados...




Goleadores



Jugador
Goles

	1.
 Guillermo Stabile
8 

	2.
 Pedro Cea
5 

	3.
 Bert Patenaude
4 


ver todos...




La Final


30-Jul-1930



 



Argentina


2 - 4



Uruguay


  12' 
Pablo Dorado  

20'  
Carlos Peucelle  

37'  
Guillermo Stabile  


  57' 
Pedro Cea  


  68' 
Victoriano Iriarte  


  89' 
Hector Castro  
Historial




Selecciones Clasificadas para Uruguay 1930:  

Argentina Bélgica Bolivia Brasil Chile Estados Unidos Francia México Paraguay Perú Rumania Uruguay Yugoslavia


Grupos y Planteles

Grupo
Planteles 1930


1
Resultados y Estadísticas
 Argentina  Chile  Francia  México 


2
Resultados y Estadísticas
 Bolivia  Brasil  Yugoslavia 


3
Resultados y Estadísticas
 Perú  Rumania  Uruguay 


4
Resultados y Estadísticas
 Bélgica  Estados Unidos  Paraguay 



Compartir:


Facebook

X (Twitter)

Reddit

LinkedIn

WhatsApp


Síganos en:


Facebook

Instagram

X (Twitter)

Copyright 2026. losmundialesdefutbol.com - Todos los derechos reservados.
Política de Privacidad y Cookies.Links. Preguntas, sugerencias o errores? ¡Contáctenos!



"
https://www.losmundialesdefutbol.com/mundiales/2010_mundial.php,Mundial de Fútbol 2010,"






Mundial de Fútbol 2010










Los Mundiales de Fútbol.comCampeones, estadísticas, selecciones y jugadores de cada Mundial.
 


Facebook

Instagram

X (Twitter)


×buscar 



Menú


 



Facebook

Instagram

X (Twitter)
 
×buscar 



Inicio

Estadísticas
Mundiales 
Mundial 2026Mundial 2022Mundial 2018Mundial 2014Mundial 2010
Resultados
Grupo AGrupo BGrupo CGrupo DGrupo EGrupo FGrupo GGrupo HFase Final
Planteles
Posiciones Finales
Goleadores
Tarjetas
Premios

Mundial 2006Mundial 2002Mundial 1998Mundial 1994Mundial 1990Mundial 1986Mundial 1982Mundial 1978Mundial 1974Mundial 1970Mundial 1966Mundial 1962Mundial 1958Mundial 1954Mundial 1950Mundial 1938Mundial 1934Mundial 1930 


Selecciones
Historial

Comparación


Jugadores




Inicio > Mundiales > 2010Mundial de Fútbol 2010
Información sobre la Copa del Mundo Sudáfrica 2010 con campeón, resultados de los partidos jugados, grupos, estadísticas, tabla de posiciones finales, goles anotados, goleadores y más data.


Mundial  2010 




Campeón:

España







- Organizador: Sudáfrica
- Selecciones: 32 
- Partidos: 64
- Goles: 145
- Promedio de Gol: 2.27
- Calendario y Resultados...
- Premios...





Posiciones Finales


Posición
Selección



1.  
 España 



2.
 Paises Bajos 



3.
 Alemania 



4.
 Uruguay 



ver tabla completa...


Fase Final

llaves y resultados...




Goleadores



Jugador
Goles

	1.
 Diego Forlan
5 


 Thomas Müller
5 


 Wesley Sneijder
5 


 David Villa
5 


ver todos...




La Final


11-Jul-2010



 



Paises Bajos


0 - 1



España



( 0 - 1 )
en tiempo extra

  116' 
Andrés Iniesta  
Historial




Selecciones Clasificadas para Sudáfrica 2010:  

Alemania Argelia Argentina Australia Brasil Camerún Chile Corea del Norte Corea del Sur Costa de Marfil Dinamarca Eslovaquia Eslovenia España Estados Unidos Francia Ghana Grecia Honduras Inglaterra Italia Japón México Nigeria Nueva Zelanda Paises Bajos Paraguay Portugal Serbia Sudáfrica Suiza Uruguay


Grupos y Planteles

Grupo
Planteles 2010


A
Resultados y Estadísticas
 Francia  México  Sudáfrica  Uruguay 


B
Resultados y Estadísticas
 Argentina  Corea del Sur  Grecia  Nigeria 


C
Resultados y Estadísticas
 Argelia  Eslovenia  Estados Unidos  Inglaterra 


D
Resultados y Estadísticas
 Alemania  Australia  Ghana  Serbia 


E
Resultados y Estadísticas
 Camerún  Dinamarca  Japón  Paises Bajos 


F
Resultados y Estadísticas
 Eslovaquia  Italia  Nueva Zelanda  Paraguay 


G
Resultados y Estadísticas
 Brasil  Corea del Norte  Costa de Marfil  Portugal 


H
Resultados y Estadísticas
 Chile  España  Honduras  Suiza 



Compartir:


Facebook

X (Twitter)

Reddit

LinkedIn

WhatsApp


Síganos en:


Facebook

Instagram

X (Twitter)

Copyright 2026. losmundialesdefutbol.com - Todos los derechos reservados.
Política de Privacidad y Cookies.Links. Preguntas, sugerencias o errores? ¡Contáctenos!



"
https://www.losmundialesdefutbol.com/mundiales/2006_mundial.php,Mundial de Fútbol 2006,"






Mundial de Fútbol 2006










Los Mundiales de Fútbol.comCampeones, estadísticas, selecciones y jugadores de cada Mundial.
 


Facebook

Instagram

X (Twitter)


×buscar 



Menú


 



Facebook

Instagram

X (Twitter)
 
×buscar 



Inicio

Estadísticas
Mundiales 
Mundial 2026Mundial 2022Mundial 2018Mundial 2014Mundial 2010Mundial 2006
Resultados
Grupo AGrupo BGrupo CGrupo DGrupo EGrupo FGrupo GGrupo HFase Final
Planteles
Posiciones Finales
Goleadores
Tarjetas
Premios

Mundial 2002Mundial 1998Mundial 1994Mundial 1990Mundial 1986Mundial 1982Mundial 1978Mundial 1974Mundial 1970Mundial 1966Mundial 1962Mundial 1958Mundial 1954Mundial 1950Mundial 1938Mundial 1934Mundial 1930 


Selecciones
Historial

Comparación


Jugadores




Inicio > Mundiales > 2006Mundial de Fútbol 2006
Información sobre la Copa del Mundo Alemania 2006 con campeón, resultados de los partidos jugados, grupos, estadísticas, tabla de posiciones finales, goles anotados, goleadores y más data.


Mundial  2006 




Campeón:

Italia







- Organizador: Alemania
- Selecciones: 32 
- Partidos: 64
- Goles: 147
- Promedio de Gol: 2.30
- Calendario y Resultados...
- Premios...





Posiciones Finales


Posición
Selección



1.  
 Italia 



2.
 Francia 



3.
 Alemania 



4.
 Portugal 



ver tabla completa...


Fase Final

llaves y resultados...




Goleadores



Jugador
Goles

	1.
 Miroslav Klose
5 

	2.
 Hernan Crespo
3 


 Thierry Henry
3 


 Lukas Podolski
3 


 Maxi Rodriguez
3 


  Ronaldo
3 


 Fernando Torres
3 


 David Villa
3 


 Zinedine Zidane
3 


ver todos...




La Final


09-Jul-2006



 



Italia


1 - 1



Francia



( 0 - 0 )
en tiempo extra


5 - 3
 por penales


  7' 
Zinedine Zidane   (pen) 

19'  
Marco Materazzi  
Historial




Selecciones Clasificadas para Alemania 2006:  

Alemania Angola Arabia Saudita Argentina Australia Brasil Corea del Sur Costa de Marfil Costa Rica Croacia Ecuador España Estados Unidos Francia Ghana Inglaterra Irán Italia Japón México Paises Bajos Paraguay Polonia Portugal República Checa Serbia y Montenegro Suecia Suiza Togo Trinidad y Tobago Túnez Ucrania


Grupos y Planteles

Grupo
Planteles 2006


A
Resultados y Estadísticas
 Alemania  Costa Rica  Ecuador  Polonia 


B
Resultados y Estadísticas
 Inglaterra  Paraguay  Suecia  Trinidad y Tobago 


C
Resultados y Estadísticas
 Argentina  Costa de Marfil  Paises Bajos  Serbia y Montenegro 


D
Resultados y Estadísticas
 Angola  Irán  México  Portugal 


E
Resultados y Estadísticas
 Estados Unidos  Ghana  Italia  República Checa 


F
Resultados y Estadísticas
 Australia  Brasil  Croacia  Japón 


G
Resultados y Estadísticas
 Corea del Sur  Francia  Suiza  Togo 


H
Resultados y Estadísticas
 Arabia Saudita  España  Túnez  Ucrania 



Compartir:


Facebook

X (Twitter)

Reddit

LinkedIn

WhatsApp


Síganos en:


Facebook

Instagram

X (Twitter)

Copyright 2026. losmundialesdefutbol.com - Todos los derechos reservados.
Política de Privacidad y Cookies.Links. Preguntas, sugerencias o errores? ¡Contáctenos!



"
https://www.losmundialesdefutbol.com/mundiales/1966_mundial.php,Mundial de Fútbol 1966,"






Mundial de Fútbol 1966










Los Mundiales de Fútbol.comCampeones, estadísticas, selecciones y jugadores de cada Mundial.
 


Facebook

Instagram

X (Twitter)


×buscar 



Menú


 



Facebook

Instagram

X (Twitter)
 
×buscar 



Inicio

Estadísticas
Mundiales 
Mundial 2026Mundial 2022Mundial 2018Mundial 2014Mundial 2010Mundial 2006Mundial 2002Mundial 1998Mundial 1994Mundial 1990Mundial 1986Mundial 1982Mundial 1978Mundial 1974Mundial 1970Mundial 1966
Resultados
Grupo 1Grupo 2Grupo 3Grupo 4Fase Final
Planteles
Posiciones Finales
Goleadores
Tarjetas
Premios

Mundial 1962Mundial 1958Mundial 1954Mundial 1950Mundial 1938Mundial 1934Mundial 1930 


Selecciones
Historial

Comparación


Jugadores




Inicio > Mundiales > 1966Mundial de Fútbol 1966
Información sobre la Copa del Mundo Inglaterra 1966 con campeón, resultados de los partidos jugados, grupos, estadísticas, tabla de posiciones finales, goles anotados, goleadores y más data.


Mundial  1966 




Campeón:

Inglaterra







- Organizador: Inglaterra
- Selecciones: 16 
- Partidos: 32
- Goles: 89
- Promedio de Gol: 2.78
- Calendario y Resultados...
- Premios...





Posiciones Finales


Posición
Selección



1.  
 Inglaterra 



2.
 Alemania Occidental 



3.
 Portugal 



4.
 URSS 



ver tabla completa...


Fase Final

llaves y resultados...




Goleadores



Jugador
Goles

	1.
  Eusebio
9 

	2.
 Helmut Haller
6 

	3.
 Franz Beckenbauer
4 


 Ferenc Bene
4 


 Geoff Hurst
4 


 Valeriy Porkuyan
4 


ver todos...




La Final


30-Jul-1966



 



Inglaterra


4 - 2



Alemania Occidental



( 2 - 0 )
en tiempo extra

  12' 
Helmut Haller  

18'  
Geoff Hurst  

78'  
Martin Peters  


  89' 
Wolfgang Weber  

101'  
Geoff Hurst  

120'  
Geoff Hurst  
Historial




Selecciones Clasificadas para Inglaterra 1966:  

Alemania Occidental Argentina Brasil Bulgaria Chile Corea del Norte España Francia Hungría Inglaterra Italia México Portugal Suiza URSS Uruguay


Grupos y Planteles

Grupo
Planteles 1966


1
Resultados y Estadísticas
 Francia  Inglaterra  México  Uruguay 


2
Resultados y Estadísticas
 Alemania Occidental  Argentina  España  Suiza 


3
Resultados y Estadísticas
 Brasil  Bulgaria  Hungría  Portugal 


4
Resultados y Estadísticas
 Chile  Corea del Norte  Italia  URSS 



Compartir:


Facebook

X (Twitter)

Reddit

LinkedIn

WhatsApp


Síganos en:


Facebook

Instagram

X (Twitter)

Copyright 2026. losmundialesdefutbol.com - Todos los derechos reservados.
Política de Privacidad y Cookies.Links. Preguntas, sugerencias o errores? ¡Contáctenos!



"
https://www.losmundialesdefutbol.com/mundiales/1998_mundial.php,Mundial de Fútbol 1998,"






Mundial de Fútbol 1998










Los Mundiales de Fútbol.comCampeones, estadísticas, selecciones y jugadores de cada Mundial.
 


Facebook

Instagram

X (Twitter)


×buscar 



Menú


 



Facebook

Instagram

X (Twitter)
 
×buscar 



Inicio

Estadísticas
Mundiales 
Mundial 2026Mundial 2022Mundial 2018Mundial 2014Mundial 2010Mundial 2006Mundial 2002Mundial 1998
Resultados
Grupo AGrupo BGrupo CGrupo DGrupo EGrupo FGrupo GGrupo HFase Final
Planteles
Posiciones Finales
Goleadores
Tarjetas
Premios

Mundial 1994Mundial 1990Mundial 1986Mundial 1982Mundial 1978Mundial 1974Mundial 1970Mundial 1966Mundial 1962Mundial 1958Mundial 1954Mundial 1950Mundial 1938Mundial 1934Mundial 1930 


Selecciones
Historial

Comparación


Jugadores




Inicio > Mundiales > 1998Mundial de Fútbol 1998
Información sobre la Copa del Mundo Francia 1998 con campeón, resultados de los partidos jugados, grupos, estadísticas, tabla de posiciones finales, goles anotados, goleadores y más data.


Mundial  1998 




Campeón:

Francia







- Organizador: Francia
- Selecciones: 32 
- Partidos: 64
- Goles: 171
- Promedio de Gol: 2.67
- Calendario y Resultados...
- Premios...





Posiciones Finales


Posición
Selección



1.  
 Francia 



2.
 Brasil 



3.
 Croacia 



4.
 Paises Bajos 



ver tabla completa...


Fase Final

llaves y resultados...




Goleadores



Jugador
Goles

	1.
 Davor Suker
6 

	2.
 Gabriel Batistuta
5 


 Christian Vieri
5 


ver todos...




La Final


12-Jul-1998



 



Brasil


0 - 3



Francia


  27' 
Zinedine Zidane  


  45'+1' 
Zinedine Zidane  


  90' 
Emmanuel Petit  
Historial




Selecciones Clasificadas para Francia 1998:  

Alemania Arabia Saudita Argentina Austria Bélgica Brasil Bulgaria Camerún Chile Colombia Corea del Sur Croacia Dinamarca Escocia España Estados Unidos Francia Inglaterra Irán Italia Jamaica Japón Marruecos México Nigeria Noruega Paises Bajos Paraguay RF de Yugoslavia Rumania Sudáfrica Túnez


Grupos y Planteles

Grupo
Planteles 1998


A
Resultados y Estadísticas
 Brasil  Escocia  Marruecos  Noruega 


B
Resultados y Estadísticas
 Austria  Camerún  Chile  Italia 


C
Resultados y Estadísticas
 Arabia Saudita  Dinamarca  Francia  Sudáfrica 


D
Resultados y Estadísticas
 Bulgaria  España  Nigeria  Paraguay 


E
Resultados y Estadísticas
 Bélgica  Corea del Sur  México  Paises Bajos 


F
Resultados y Estadísticas
 Alemania  Estados Unidos  Irán  RF de Yugoslavia 


G
Resultados y Estadísticas
 Colombia  Inglaterra  Rumania  Túnez 


H
Resultados y Estadísticas
 Argentina  Croacia  Jamaica  Japón 



Compartir:


Facebook

X (Twitter)

Reddit

LinkedIn

WhatsApp


Síganos en:


Facebook

Instagram

X (Twitter)

Copyright 2026. losmundialesdefutbol.com - Todos los derechos reservados.
Política de Privacidad y Cookies.Links. Preguntas, sugerencias o errores? ¡Contáctenos!



"
https://www.losmundialesdefutbol.com/mundiales/1954_mundial.php,Mundial de Fútbol 1954,"






Mundial de Fútbol 1954










Los Mundiales de Fútbol.comCampeones, estadísticas, selecciones y jugadores de cada Mundial.
 


Facebook

Instagram

X (Twitter)


×buscar 



Menú


 



Facebook

Instagram

X (Twitter)
 
×buscar 



Inicio

Estadísticas
Mundiales 
Mundial 2026Mundial 2022Mundial 2018Mundial 2014Mundial 2010Mundial 2006Mundial 2002Mundial 1998Mundial 1994Mundial 1990Mundial 1986Mundial 1982Mundial 1978Mundial 1974Mundial 1970Mundial 1966Mundial 1962Mundial 1958Mundial 1954
Resultados
Grupo 1Grupo 2Grupo 3Grupo 4Fase Final
Planteles
Posiciones Finales
Goleadores
Premios

Mundial 1950Mundial 1938Mundial 1934Mundial 1930 


Selecciones
Historial

Comparación


Jugadores




Inicio > Mundiales > 1954Mundial de Fútbol 1954
Información sobre la Copa del Mundo Suiza 1954 con campeón, resultados de los partidos jugados, grupos, estadísticas, tabla de posiciones finales, goles anotados, goleadores y más data.


Mundial  1954 




Campeón:

Alemania Occidental







- Organizador: Suiza
- Selecciones: 16 
- Partidos: 26
- Goles: 140
- Promedio de Gol: 5.38
- Calendario y Resultados...
- Premios...





Posiciones Finales


Posición
Selección



1.  
 Alemania Occidental 



2.
 Hungría 



3.
 Austria 



4.
 Uruguay 



ver tabla completa...


Fase Final

llaves y resultados...




Goleadores



Jugador
Goles

	1.
 Sandor Kocsis
11 

	2.
 Sepp Huegi
6 


 Max Morlock
6 


 Erich Probst
6 


ver todos...




La Final


04-Jul-1954



 



Hungría


2 - 3



Alemania Occidental

6'  
Ferenc Puskas  

8'  
Zoltan Czibor  


  10' 
Max Morlock  


  18' 
Helmut Rahn  


  84' 
Helmut Rahn  
Historial




Selecciones Clasificadas para Suiza 1954:  

Alemania Occidental Austria Bélgica Brasil Checoslovaquia Corea del Sur Escocia Francia Hungría Inglaterra Italia México Suiza Turquía Uruguay Yugoslavia


Grupos y Planteles

Grupo
Planteles 1954


1
Resultados y Estadísticas
 Brasil  Francia  México  Yugoslavia 


2
Resultados y Estadísticas
 Alemania Occidental  Corea del Sur  Hungría  Turquía 


3
Resultados y Estadísticas
 Austria  Checoslovaquia  Escocia  Uruguay 


4
Resultados y Estadísticas
 Bélgica  Inglaterra  Italia  Suiza 



Compartir:


Facebook

X (Twitter)

Reddit

LinkedIn

WhatsApp


Síganos en:


Facebook

Instagram

X (Twitter)

Copyright 2026. losmundialesdefutbol.com - Todos los derechos reservados.
Política de Privacidad y Cookies.Links. Preguntas, sugerencias o errores? ¡Contáctenos!



"
https://www.losmundialesdefutbol.com/mundiales/2026_mundial.php,Mundial de Fútbol 2026,"






Mundial de Fútbol 2026










Los Mundiales de Fútbol.comCampeones, estadísticas, selecciones y jugadores de cada Mundial.
 


Facebook

Instagram

X (Twitter)


×buscar 



Menú


 



Facebook

Instagram

X (Twitter)
 
×buscar 



Inicio

Estadísticas
Mundiales 
Mundial 2026
Resultados
Grupo AGrupo BGrupo CGrupo DGrupo EGrupo FGrupo GGrupo HGrupo IGrupo JGrupo KGrupo LFase Final
Planteles
Posiciones Finales
Goleadores
Tarjetas
Premios

Mundial 2022Mundial 2018Mundial 2014Mundial 2010Mundial 2006Mundial 2002Mundial 1998Mundial 1994Mundial 1990Mundial 1986Mundial 1982Mundial 1978Mundial 1974Mundial 1970Mundial 1966Mundial 1962Mundial 1958Mundial 1954Mundial 1950Mundial 1938Mundial 1934Mundial 1930 


Selecciones
Historial

Comparación


Jugadores




Inicio > Mundiales > 2026Mundial de Fútbol 2026
Información sobre la Copa del Mundo Canadá / Estados Unidos / México 2026 con campeón, resultados de los partidos jugados, grupos, estadísticas, tabla de posiciones finales, goles anotados, goleadores y más data.


Mundial  2026 




Campeón:
-






- Organizador: Canadá / Estados Unidos / México
- Selecciones: 48 
- Partidos: 104 (0 ya jugados)
- Goles: 0
- Promedio de Gol: 0.00
- Calendario y Resultados...
- Premios...





Posiciones Finales


Posición
Selección



-
-



-
-



-
-



-
-



ver tabla completa...


Fase Final

llaves y resultados...




Goleadores



Jugador
Goles


ver todos...




La Final


19-Jul-2026



 






		  - 




3:00 pm ET 




Selecciones Clasificadas para Canadá / Estados Unidos / México 2026:  

Alemania Arabia Saudita Argelia Argentina Australia Austria Bélgica Brasil Cabo Verde Canadá Catar Colombia Corea del Sur Costa de Marfil Croacia Curazao Ecuador Egipto Escocia España Estados Unidos Francia Ghana Haití Inglaterra Irán Japón Jordania Marruecos México Noruega Nueva Zelanda Paises Bajos Panamá Paraguay Portugal Senegal Sudáfrica Suiza Túnez Uruguay Uzbekistán


Grupos y Planteles

Grupo
Planteles 2026


A
Resultados y Estadísticas
 Corea del Sur  México  Sudáfrica 


B
Resultados y Estadísticas
 Canadá  Catar  Suiza 


C
Resultados y Estadísticas
 Brasil  Escocia  Haití  Marruecos 


D
Resultados y Estadísticas
 Australia  Estados Unidos  Paraguay 


E
Resultados y Estadísticas
 Alemania  Costa de Marfil  Curazao  Ecuador 


F
Resultados y Estadísticas
 Japón  Paises Bajos  Túnez 


G
Resultados y Estadísticas
 Bélgica  Egipto  Irán  Nueva Zelanda 


H
Resultados y Estadísticas
 Arabia Saudita  Cabo Verde  España  Uruguay 


I
Resultados y Estadísticas
 Francia  Noruega  Senegal 


J
Resultados y Estadísticas
 Argelia  Argentina  Austria  Jordania 


K
Resultados y Estadísticas
 Colombia  Portugal  Uzbekistán 


L
Resultados y Estadísticas
 Croacia  Ghana  Inglaterra  Panamá 



Compartir:


Facebook

X (Twitter)

Reddit

LinkedIn

WhatsApp


Síganos en:


Facebook

Instagram

X (Twitter)

Copyright 2026. losmundialesdefutbol.com - Todos los derechos reservados.
Política de Privacidad y Cookies.Links. Preguntas, sugerencias o errores? ¡Contáctenos!



"
